Filename,Grammatical Error Percentage,Readability Score,Average Sentence Length,Repetitive Words Count,Repetitive Words List (limited),Repetitive Words List (full),AI Content Percentage,Generic Content Percentage
AIML - 81.pdf,63.77,46.27,19.526727509778357,1265,"working: 40, paper: 58, gpts: 20, early: 5, labor: 29, market: 10, impact: 26, potential: 46, large: 15, language: 33...",C:\Users\Shaurya\Desktop\Metrics Generation Project\Dataset\Research Papers\AIML - 81.pdf_repetitive_words_full_list.txt,2.26,0.19
AIML-1.pdf,26.26,46.37,14.819444444444445,300,"intelligence: 12, research: 4, number: 4, india: 4, securing: 8, data: 127, using: 9, artificial: 11, block: 12, chain: 9...",C:\Users\Shaurya\Desktop\Metrics Generation Project\Dataset\Research Papers\AIML-1.pdf_repetitive_words_full_list.txt,35.81,0.27
AIML-10.pdf,9.08,47.89,15.383333333333333,199,"technology: 3, number: 2, research: 3, india: 2, detection: 6, covid-19: 34, pneumonia: 26, using: 8, chest: 7, x-ray: 11...",C:\Users\Shaurya\Desktop\Metrics Generation Project\Dataset\Research Papers\AIML-10.pdf_repetitive_words_full_list.txt,2.97,0.27
AIML-11.pdf,97.33,47.08,11.507692307692308,709,"international: 15, computational: 7, intelligence: 2, research: 18, number: 6, india: 3, http: 3, review: 19, detection: 73, tracking: 165...",C:\Users\Shaurya\Desktop\Metrics Generation Project\Dataset\Research Papers\AIML-11.pdf_repetitive_words_full_list.txt,35.64,0.55
AIML-12.pdf,94.84,56.35,15.43006384213581,1612,"survey: 24, deep: 79, learning-based: 3, object: 324, detection: 428, jiao: 9, ieee: 187, zhang: 47, fang: 3, senior: 3...",C:\Users\Shaurya\Desktop\Metrics Generation Project\Dataset\Research Papers\AIML-12.pdf_repetitive_words_full_list.txt,1.55,0.1
AIML-13.pdf,10.47,42.92,18.625935162094763,670,"deep: 62, learning: 70, traditional: 44, computer: 21, vision: 34, niall: 2, mahony: 5, sean: 2, campbell: 2, lenka: 2...",C:\Users\Shaurya\Desktop\Metrics Generation Project\Dataset\Research Papers\AIML-13.pdf_repetitive_words_full_list.txt,2.54,0.31
AIML-14.pdf,93.47,55.03,17.21984838042729,1896,"this: 87, paper: 31, been: 39, accepted: 21, ieee: 62, transactions: 22, neural: 86, networks: 98, learning: 128, systems: 34...",C:\Users\Shaurya\Desktop\Metrics Generation Project\Dataset\Research Papers\AIML-14.pdf_repetitive_words_full_list.txt,1.97,0.17
AIML-15.pdf,30.29,45.76,19.035714285714285,590,"2023: 2, discrete: 83, messages: 7, improve: 3, communication: 92, eﬃciency: 11, among: 10, isolated: 3, intelligent: 6, agents: 91...",C:\Users\Shaurya\Desktop\Metrics Generation Project\Dataset\Research Papers\AIML-15.pdf_repetitive_words_full_list.txt,2.17,0.19
AIML-16.pdf,10.54,49.65,22.926315789473684,495,"association: 28, rule: 20, mining: 17, with: 25, earthquake: 17, data: 31, collected: 2, from: 21, türkiye: 14, region: 17...",C:\Users\Shaurya\Desktop\Metrics Generation Project\Dataset\Research Papers\AIML-16.pdf_repetitive_words_full_list.txt,2.91,0.21
AIML-17.pdf,94.8,54.83,16.174220963172804,1583,"ieee: 37, transactions: 26, neural: 193, networks: 125, learning: 123, systems: 35, july: 22, 2019: 45, survey: 14, usages: 2...",C:\Users\Shaurya\Desktop\Metrics Generation Project\Dataset\Research Papers\AIML-17.pdf_repetitive_words_full_list.txt,1.79,0.16
AIML-18.pdf,54.41,48.3,15.651180502665651,1414,"recent: 16, trends: 3, deep: 70, learning: 136, based: 45, natural: 47, language: 100, processing: 46, school: 3, information: 58...",C:\Users\Shaurya\Desktop\Metrics Generation Project\Dataset\Research Papers\AIML-18.pdf_repetitive_words_full_list.txt,1.81,0.16
AIML-19.pdf,14.28,48.81,18.047619047619047,560,"fairness-aware: 17, adversarial: 38, perturbation: 30, towards: 10, bias: 12, mitigation: 2, deployed: 44, deep: 14, models: 50, cyber: 2...",C:\Users\Shaurya\Desktop\Metrics Generation Project\Dataset\Research Papers\AIML-19.pdf_repetitive_words_full_list.txt,2.07,0.21
AIML-2.pdf,97.77,36.59,16.59512195121951,363,"journal: 5, intelligence: 4, research: 10, number: 2, india: 2, evaluation: 9, deep: 30, learning: 55, models: 43, fake: 64...",C:\Users\Shaurya\Desktop\Metrics Generation Project\Dataset\Research Papers\AIML-2.pdf_repetitive_words_full_list.txt,3.0,0.4
AIML-20.pdf,91.92,47.99,15.785714285714286,709,"towards: 5, fairness: 15, visual: 10, recognition: 17, effective: 8, strategies: 4, bias: 72, mitigation: 18, wang: 5, olga: 4...",C:\Users\Shaurya\Desktop\Metrics Generation Project\Dataset\Research Papers\AIML-20.pdf_repetitive_words_full_list.txt,2.39,0.2
AIML-21.pdf,61.41,45.66,19.363457760314343,831,"fairness: 115, extensible: 5, toolkit: 29, detecting: 4, understanding: 6, mitigating: 4, unwanted: 5, algorithmic: 6, bias: 90, natesan: 2...",C:\Users\Shaurya\Desktop\Metrics Generation Project\Dataset\Research Papers\AIML-21.pdf_repetitive_words_full_list.txt,2.32,0.25
AIML-22.pdf,78.83,53.31,14.041139240506329,377,"bias: 67, mitigation: 11, post-processing: 20, individual: 66, group: 41, fairness: 59, lohia: 3, ramamurthy: 4, saha: 3, varshney: 9...",C:\Users\Shaurya\Desktop\Metrics Generation Project\Dataset\Research Papers\AIML-22.pdf_repetitive_words_full_list.txt,35.58,0.09
AIML-23.pdf,43.73,24.48,23.76086956521739,256,"mitigating: 11, ai/ml: 15, bias: 45, context: 16, establishing: 2, practices: 10, testing: 7, evaluation: 5, verification: 4, validation: 4...",C:\Users\Shaurya\Desktop\Metrics Generation Project\Dataset\Research Papers\AIML-23.pdf_repetitive_words_full_list.txt,3.43,0.12
AIML-24.pdf,32.36,46.98,13.240384615384615,1510,"survey: 28, bias: 226, fairness: 181, machine: 88, learning: 118, ninareh: 6, mehrabi: 23, fred: 7, morstatter: 7, nripsuta: 3...",C:\Users\Shaurya\Desktop\Metrics Generation Project\Dataset\Research Papers\AIML-24.pdf_repetitive_words_full_list.txt,35.4,0.19
AIML-25.pdf,21.68,35.37,13.913897280966767,712,"fairness: 181, bias: 179, artificial: 32, intelligence: 32, brief: 18, survey: 25, sources: 39, impacts: 31, mitigation: 43, strategies: 37...",C:\Users\Shaurya\Desktop\Metrics Generation Project\Dataset\Research Papers\AIML-25.pdf_repetitive_words_full_list.txt,35.42,0.32
AIML-26.pdf,50.31,37.34,30.673417721518987,994,"nber: 13, working: 6, paper: 8, impact: 32, artificial: 29, intelligence: 35, innovation: 86, iain: 4, cockburn: 5, rebecca: 4...",C:\Users\Shaurya\Desktop\Metrics Generation Project\Dataset\Research Papers\AIML-26.pdf_repetitive_words_full_list.txt,2.38,0.18
AIML-27.pdf,6.2,50.77,20.15234375,467,"research: 2, built: 2, upon: 6, techniques: 2, many: 10, different: 7, disciplines: 2, including: 4, logic: 47, theory: 13...",C:\Users\Shaurya\Desktop\Metrics Generation Project\Dataset\Research Papers\AIML-27.pdf_repetitive_words_full_list.txt,2.6,0.1
AIML-28.pdf,25.89,47.59,16.752380952380953,574,"uncalibrated: 6, models: 17, improve: 6, human-ai: 23, collaboration: 2, kailas: 3, vodrahalli: 4, stanford: 3, university: 4, stanford.edu: 3...",C:\Users\Shaurya\Desktop\Metrics Generation Project\Dataset\Research Papers\AIML-28.pdf_repetitive_words_full_list.txt,2.19,0.09
AIML-29.pdf,99.5,42.11,23.048780487804876,571,"2018: 25, ijrar: 16, december: 8, volume: 8, issue: 8, www.ijrar.org: 16, e-issn: 8, 2348-1269: 8, issn: 8, 2349-5138: 8...",C:\Users\Shaurya\Desktop\Metrics Generation Project\Dataset\Research Papers\AIML-29.pdf_repetitive_words_full_list.txt,2.88,0.21
AIML-3.pdf,98.41,46.27,17.714285714285715,421,"international: 4, journal: 4, computational: 3, intelligence: 3, research: 4, volume: 3, number: 5, india: 6, language: 44, interpretation: 15...",C:\Users\Shaurya\Desktop\Metrics Generation Project\Dataset\Research Papers\AIML-3.pdf_repetitive_words_full_list.txt,2.66,0.17
AIML-30.pdf,87.04,53.31,17.211640211640212,575,"proceedings: 20, 2008: 2, conference: 14, empirical: 8, methods: 13, natural: 7, language: 11, processing: 6, pages: 21, 2008.: 2...",C:\Users\Shaurya\Desktop\Metrics Generation Project\Dataset\Research Papers\AIML-30.pdf_repetitive_words_full_list.txt,2.39,0.15
AIML-31.pdf,37.43,46.98,15.219594594594595,897,"leveraging: 14, active: 68, learning: 99, conditional: 24, mutual: 22, information: 40, minimize: 14, data: 219, annotation: 40, human: 34...",C:\Users\Shaurya\Desktop\Metrics Generation Project\Dataset\Research Papers\AIML-31.pdf_repetitive_words_full_list.txt,1.77,0.24
AIML-32.pdf,17.37,45.96,16.658823529411766,657,"active: 44, learning: 64, with: 36, classes: 4, queries: 6, microsoft: 2, mausam: 2, technology: 3, india: 2, weld: 7...",C:\Users\Shaurya\Desktop\Metrics Generation Project\Dataset\Research Papers\AIML-32.pdf_repetitive_words_full_list.txt,2.52,0.24
AIML-33.pdf,87.57,54.02,18.850785340314136,501,"multi-label: 65, active: 75, learning: 72, text: 45, classiﬁcation: 60, high: 2, conﬁdence: 4, peking: 2, education: 5, china: 3...",C:\Users\Shaurya\Desktop\Metrics Generation Project\Dataset\Research Papers\AIML-33.pdf_repetitive_words_full_list.txt,1.95,0.21
AIML-34.pdf,25.8,45.25,20.27304964539007,488,"active: 74, learning: 75, with: 21, multi-label: 75, classiﬁcation: 50, yuhong: 2, information: 10, university: 2, where: 9, each: 29...",C:\Users\Shaurya\Desktop\Metrics Generation Project\Dataset\Research Papers\AIML-34.pdf_repetitive_words_full_list.txt,2.39,0.24
AIML-35.pdf,95.47,48.3,13.820135746606335,941,"comparing: 2, visual-interactive: 24, labeling: 162, with: 106, active: 32, learning: 68, experimental: 7, study: 27, j¨urgen: 2, bernard: 8...",C:\Users\Shaurya\Desktop\Metrics Generation Project\Dataset\Research Papers\AIML-35.pdf_repetitive_words_full_list.txt,35.43,0.14
AIML-36.pdf,46.09,47.59,10.859164897381458,1090,"active: 192, learning: 306, literature: 19, survey: 7, burr: 3, settles: 26, computer: 10, sciences: 6, technical: 4, report: 8...",C:\Users\Shaurya\Desktop\Metrics Generation Project\Dataset\Research Papers\AIML-36.pdf_repetitive_words_full_list.txt,35.28,0.26
AIML-37.pdf,71.93,52.29,18.396887159533073,433,"active: 24, learning: 43, audio: 16, annotation: 16, with: 45, large: 3, amount: 3, unlabeled: 16, data: 37, mendez: 2...",C:\Users\Shaurya\Desktop\Metrics Generation Project\Dataset\Research Papers\AIML-37.pdf_repetitive_words_full_list.txt,2.54,0.12
AIML-38.pdf,52.35,57.27,14.150341685649202,556,"reducing: 5, label: 5, effort: 7, self-supervised: 27, meets: 2, active: 73, learning: 126, javad: 3, zolfaghari: 3, joost: 6...",C:\Users\Shaurya\Desktop\Metrics Generation Project\Dataset\Research Papers\AIML-38.pdf_repetitive_words_full_list.txt,35.76,0.21
AIML-39.pdf,8.98,43.63,11.018083182640146,914,"active: 123, learning: 180, approaches: 18, labeling: 49, text: 40, review: 11, assessment: 3, performance: 62, approaches⇤: 2, blake: 2...",C:\Users\Shaurya\Desktop\Metrics Generation Project\Dataset\Research Papers\AIML-39.pdf_repetitive_words_full_list.txt,35.45,0.39
AIML-4.pdf,97.77,38.01,17.62043795620438,257,"international: 5, computational: 2, research: 5, number: 6, india: 3, https: 2, learning: 33, based: 11, software: 69, defect: 33...",C:\Users\Shaurya\Desktop\Metrics Generation Project\Dataset\Research Papers\AIML-4.pdf_repetitive_words_full_list.txt,2.99,0.35
AIML-40.pdf,8.75,46.67,17.951024042742652,1166,"reinforcement: 55, learning: 69, informed: 28, evolutionary: 70, search: 98, autonomous: 198, systems: 73, testing: 96, dmytro: 25, humeniuk: 25...",C:\Users\Shaurya\Desktop\Metrics Generation Project\Dataset\Research Papers\AIML-40.pdf_repetitive_words_full_list.txt,1.64,0.12
AIML-41.pdf,26.97,46.78,13.19530284301607,859,"towards: 4, systematically: 3, engineering: 39, autonomous: 44, systems: 81, using: 10, reinforcement: 45, learning: 110, planning: 63, draft: 16...",C:\Users\Shaurya\Desktop\Metrics Generation Project\Dataset\Research Papers\AIML-41.pdf_repetitive_words_full_list.txt,35.57,0.02
AIML-42.pdf,29.15,53.92,16.24342105263158,585,"curriculum: 43, offline: 94, reinforcement: 40, learning: 124, yuanying: 2, university: 2, beijing: 4, china: 5, chuheng: 3, microsoft: 3...",C:\Users\Shaurya\Desktop\Metrics Generation Project\Dataset\Research Papers\AIML-42.pdf_repetitive_words_full_list.txt,2.11,0.1
AIML-43.pdf,30.66,39.43,12.142414860681114,356,"acta: 8, scientific: 9, computer: 10, sciences: 8, 2023: 10, advances: 14, reinforcement: 61, learning: 95, comprehensive: 16, review: 17...",C:\Users\Shaurya\Desktop\Metrics Generation Project\Dataset\Research Papers\AIML-43.pdf_repetitive_words_full_list.txt,35.73,0.3
AIML-44.pdf,10.39,47.89,13.948453608247423,731,"explainable: 74, dead: 19, long: 19, live: 19, hypothesis-driven: 5, decision: 183, support: 77, preprint: 16, miller: 16, computing: 13...",C:\Users\Shaurya\Desktop\Metrics Generation Project\Dataset\Research Papers\AIML-44.pdf_repetitive_words_full_list.txt,35.43,0.22
AIML-45.pdf,89.83,44.24,21.20715835140998,1583,"impact: 37, artificial: 28, intelligence: 30, future: 16, workforces: 4, european: 33, union: 9, united: 12, states: 18, economic: 38...",C:\Users\Shaurya\Desktop\Metrics Generation Project\Dataset\Research Papers\AIML-45.pdf_repetitive_words_full_list.txt,2.31,0.25
AIML-46.pdf,96.49,34.46,18.41044776119403,251,"2023: 5, ijrti: 5, volume: 6, issue: 5, issn: 5, 2456-3315: 5, ijrti2304061: 5, international: 5, journal: 5, research: 7...",C:\Users\Shaurya\Desktop\Metrics Generation Project\Dataset\Research Papers\AIML-46.pdf_repetitive_words_full_list.txt,2.97,0.39
AIML-47.pdf,91.32,45.66,9.063182527301093,859,"review: 11, machine: 23, learning: 53, applications: 5, cancer: 207, prognosis: 17, prediction: 70, kourou: 13, exarchos: 7, karamouzis: 2...",C:\Users\Shaurya\Desktop\Metrics Generation Project\Dataset\Research Papers\AIML-47.pdf_repetitive_words_full_list.txt,35.43,0.26
AIML-48.pdf,55.48,45.05,24.516393442622952,323,"ieee: 11, coins: 11, 2023: 9, contest: 5, sensor: 33, machine: 6, learning: 9, computing: 5, neuton.ai: 22, dubai: 2...",C:\Users\Shaurya\Desktop\Metrics Generation Project\Dataset\Research Papers\AIML-48.pdf_repetitive_words_full_list.txt,3.11,0.29
AIML-49.pdf,5.64,34.15,19.262734584450403,618,"risk: 16, governance: 11, control: 13, financial: 93, markets: 10, institutions: 17, volume: 9, issue: 10, 2023: 68, machine: 36...",C:\Users\Shaurya\Desktop\Metrics Generation Project\Dataset\Research Papers\AIML-49.pdf_repetitive_words_full_list.txt,2.31,0.18
AIML-5.pdf,96.93,55.44,30.96268656716418,369,"computational: 3, technology: 2, number: 21, research: 4, india: 3, study: 8, speech: 41, quality: 32, improvement: 10, processed: 18...",C:\Users\Shaurya\Desktop\Metrics Generation Project\Dataset\Research Papers\AIML-5.pdf_repetitive_words_full_list.txt,2.55,0.15
AIML-50.pdf,25.07,41.5,21.907120743034056,680,"progressing: 3, towards: 11, responsible: 21, teresa: 2, scantamburlo: 2, atia: 2, abstract: 2, ﬁeld: 12, artiﬁcial: 7, intelligence: 9...",C:\Users\Shaurya\Desktop\Metrics Generation Project\Dataset\Research Papers\AIML-50.pdf_repetitive_words_full_list.txt,2.61,0.12
AIML-51.pdf,37.17,47.28,16.990697674418605,1082,"type: 5, systematic: 8, review: 29, published: 14, october: 2, 2022: 8, 10.3389/frai.2022.976838: 18, open: 2, access: 7, king: 2...",C:\Users\Shaurya\Desktop\Metrics Generation Project\Dataset\Research Papers\AIML-51.pdf_repetitive_words_full_list.txt,1.97,0.14
AIML-52.pdf,19.11,48.5,16.009049773755656,561,"series: 17, materials: 17, science: 18, engineering: 19, paper: 13, open: 2, machine: 44, learning: 39, classification: 36, techniques: 26...",C:\Users\Shaurya\Desktop\Metrics Generation Project\Dataset\Research Papers\AIML-52.pdf_repetitive_words_full_list.txt,2.18,0.14
AIML-53.pdf,18.56,36.89,17.51937984496124,1240,"managing: 10, vulnerabilities: 96, ai/ml: 9, systems: 61, jonathan: 8, spring: 18, cert®: 4, coordination: 15, center: 5, software: 47...",C:\Users\Shaurya\Desktop\Metrics Generation Project\Dataset\Research Papers\AIML-53.pdf_repetitive_words_full_list.txt,2.21,0.26
AIML-54.pdf,11.01,43.22,18.098445595854923,368,"hep-ex: 3, 2022: 2, simulation: 29, with: 28, ai/ml: 15, bridging: 2, systematic: 19, between: 8, simulated: 15, real: 22...",C:\Users\Shaurya\Desktop\Metrics Generation Project\Dataset\Research Papers\AIML-54.pdf_repetitive_words_full_list.txt,3.07,0.18
AIML-55.pdf,27.51,46.78,17.41826923076923,382,"2020: 8, data: 68, power: 4, bias: 51, artiﬁcial: 9, intelligence: 8, barry: 2, information: 5, studies: 6, university: 3...",C:\Users\Shaurya\Desktop\Metrics Generation Project\Dataset\Research Papers\AIML-55.pdf_repetitive_words_full_list.txt,2.9,0.27
AIML-56.pdf,58.87,50.53,4.872569548309901,1170,"journal: 20, infection: 17, public: 17, health: 27, 2020: 41, 1274–1289: 16, contents: 3, available: 8, http: 28, review: 12...",C:\Users\Shaurya\Desktop\Metrics Generation Project\Dataset\Research Papers\AIML-56.pdf_repetitive_words_full_list.txt,35.26,0.14
AIML-57.pdf,93.05,46.51,26.92436974789916,498,"active: 41, learning: 57, strategies: 25, multi-label: 15, text: 28, classiﬁcation: 25, esuli: 7, sebastiani: 8, refers: 2, task: 6...",C:\Users\Shaurya\Desktop\Metrics Generation Project\Dataset\Research Papers\AIML-57.pdf_repetitive_words_full_list.txt,2.15,0.25
AIML-58.pdf,49.84,65.01,18.64041095890411,902,"under: 22, review: 25, conference: 40, paper: 24, iclr: 22, 2023: 21, continual: 21, active: 52, learning: 117, while: 16...",C:\Users\Shaurya\Desktop\Metrics Generation Project\Dataset\Research Papers\AIML-58.pdf_repetitive_words_full_list.txt,2.24,0.1
AIML-59.pdf,71.93,47.59,19.95077720207254,657,"active: 64, learning: 75, less: 6, more: 7, comparison: 3, strategies: 48, medical: 37, image: 44, segmentation: 44, student.hpi.de: 6...",C:\Users\Shaurya\Desktop\Metrics Generation Project\Dataset\Research Papers\AIML-59.pdf_repetitive_words_full_list.txt,2.4,0.09
AIML-6.pdf,80.07,33.54,21.58235294117647,374,"advances: 2, computational: 10, sciences: 3, technology: 6, issn: 2, 0973-6107: 2, volume: 2, research: 2, india: 2, publications: 2...",C:\Users\Shaurya\Desktop\Metrics Generation Project\Dataset\Research Papers\AIML-6.pdf_repetitive_words_full_list.txt,2.84,0.32
AIML-60.pdf,67.39,61.67,20.039525691699605,396,"cient: 14, active: 56, learning: 82, beygelzimer: 10, research: 4, rutgers: 2, university: 4, karampatziakis: 4, langford: 11, zhang: 4...",C:\Users\Shaurya\Desktop\Metrics Generation Project\Dataset\Research Papers\AIML-60.pdf_repetitive_words_full_list.txt,2.06,0.09
AIML-61.pdf,9.13,8.06,20.14645308924485,701,"volume: 12, issue: 12, neyigapula: 4, 2023: 15, federated: 93, learning: 154, collaborative: 101, network: 88, security: 126, decentralized: 83...",C:\Users\Shaurya\Desktop\Metrics Generation Project\Dataset\Research Papers\AIML-61.pdf_repetitive_words_full_list.txt,2.33,0.25
AIML-62.pdf,87.15,52.9,20.551980198019802,633,"learning: 90, collaborate: 11, decentralized: 15, personalized: 19, models: 48, tianyi: 6, xinmei: 2, dacheng: 4, explore: 2, computer-vision: 2...",C:\Users\Shaurya\Desktop\Metrics Generation Project\Dataset\Research Papers\AIML-62.pdf_repetitive_words_full_list.txt,2.08,0.13
AIML-63.pdf,20.07,34.97,23.197628458498023,490,"federated: 123, learning: 122, models: 72, decentralized: 17, critical: 19, infrastructure: 21, panagiotis: 2, vasileios: 2, greece: 2, university: 2...",C:\Users\Shaurya\Desktop\Metrics Generation Project\Dataset\Research Papers\AIML-63.pdf_repetitive_words_full_list.txt,2.37,0.19
AIML-64.pdf,52.56,37.4,14.622828784119108,1448,"survey: 38, decentralized: 76, federated: 91, learning: 141, edoardo: 18, giovanni: 17, gabriele: 20, sapienza: 2, university: 2, rome: 3...",C:\Users\Shaurya\Desktop\Metrics Generation Project\Dataset\Research Papers\AIML-64.pdf_repetitive_words_full_list.txt,35.55,0.26
AIML-65.pdf,93.09,53.21,19.72248803827751,599,"shen: 18, front: 22, inform: 22, technol: 22, electron: 21, frontiers: 2, information: 6, technology: 6, electronic: 2, engineering: 2...",C:\Users\Shaurya\Desktop\Metrics Generation Project\Dataset\Research Papers\AIML-65.pdf_repetitive_words_full_list.txt,2.0,0.24
AIML-66.pdf,41.4,53.21,11.906116642958748,1187,"journal: 26, cloud: 84, computing: 118, 2022: 44, 11:94: 22, https: 114, review: 4, author: 2, open: 5, access: 20...",C:\Users\Shaurya\Desktop\Metrics Generation Project\Dataset\Research Papers\AIML-66.pdf_repetitive_words_full_list.txt,35.23,0.28
AIML-67.pdf,23.52,57.77,21.513409961685824,446,"decentralized: 35, federated: 56, graph: 79, neural: 46, networks: 24, yang: 6, qiang: 2, increasing: 2, user-side: 2, pri-: 2...",C:\Users\Shaurya\Desktop\Metrics Generation Project\Dataset\Research Papers\AIML-67.pdf_repetitive_words_full_list.txt,2.17,0.1
AIML-68.pdf,31.38,47.28,12.830409356725147,711,"federated: 67, multi-task: 7, learning: 94, under: 17, mixture: 21, distributions: 21, othmane: 2, giovanni: 4, aurélien: 5, richard: 2...",C:\Users\Shaurya\Desktop\Metrics Generation Project\Dataset\Research Papers\AIML-68.pdf_repetitive_words_full_list.txt,35.38,0.08
AIML-69.pdf,92.76,32.02,21.78787878787879,614,"fed-xai: 24, federated: 58, learning: 63, explainable: 15, artificial: 13, intelligence: 16, corcuera: 3, bárcena: 5, daole: 2, ducange: 8...",C:\Users\Shaurya\Desktop\Metrics Generation Project\Dataset\Research Papers\AIML-69.pdf_repetitive_words_full_list.txt,2.56,0.09
AIML-7.pdf,15.16,31.82,19.653508771929825,482,"technology: 4, volume: 2, research: 10, datasets: 41, creation: 8, depression: 67, risk: 33, prediction: 16, educational: 16, environment: 13...",C:\Users\Shaurya\Desktop\Metrics Generation Project\Dataset\Research Papers\AIML-7.pdf_repetitive_words_full_list.txt,3.06,0.21
AIML-70.pdf,7.12,25.8,19.474509803921567,513,"federated: 94, learning: 143, pioneering: 3, distributed: 17, machine: 43, privacy-preserving: 7, data: 175, technology: 9, philip: 2, treleaven: 3...",C:\Users\Shaurya\Desktop\Metrics Generation Project\Dataset\Research Papers\AIML-70.pdf_repetitive_words_full_list.txt,2.89,0.05
AIML-71.pdf,90.28,56.49,23.48921568627451,1045,"semi-decentralized: 9, federated: 81, learning: 118, with: 113, cooperative: 15, local: 168, model: 205, aggregations: 48, po-chen: 2, member: 4...",C:\Users\Shaurya\Desktop\Metrics Generation Project\Dataset\Research Papers\AIML-71.pdf_repetitive_words_full_list.txt,1.05,0.07
AIML-72.pdf,65.59,47.99,18.589785831960462,807,"towards: 4, communication-efficient: 24, personalized: 68, federated: 68, learning: 126, decentralized: 73, sparse: 72, training: 99, rong: 2, shen: 11...",C:\Users\Shaurya\Desktop\Metrics Generation Project\Dataset\Research Papers\AIML-72.pdf_repetitive_words_full_list.txt,1.86,0.17
AIML-73.pdf,83.54,57.16,14.378021978021978,854,"federated: 95, graph: 223, machine: 62, learning: 139, survey: 9, concepts: 6, techniques: 34, applications: 27, zhang: 32, dong: 2...",C:\Users\Shaurya\Desktop\Metrics Generation Project\Dataset\Research Papers\AIML-73.pdf_repetitive_words_full_list.txt,35.01,0.12
AIML-74.pdf,7.36,41.9,17.174074074074074,424,"multi-agent: 15, systems: 29, decentralized: 21, artificial: 40, moscow: 3, power: 5, engineering: 3, institute: 2, technology: 9, multi-agents: 2...",C:\Users\Shaurya\Desktop\Metrics Generation Project\Dataset\Research Papers\AIML-74.pdf_repetitive_words_full_list.txt,2.54,0.13
AIML-75.pdf,76.38,47.28,15.33030303030303,1706,"multiagent: 127, systems: 158, survey: 16, from: 90, machine: 13, learning: 126, perspective: 12, peter: 11, stone: 28, manuela: 13...",C:\Users\Shaurya\Desktop\Metrics Generation Project\Dataset\Research Papers\AIML-75.pdf_repetitive_words_full_list.txt,1.88,0.2
AIML-76.pdf,67.32,53.07,10.81128965801401,1848,"chapter: 8, coordination: 239, infrastructures: 52, engineering: 231, multiagent: 63, systems: 260, omicini: 48, ossowski: 18, ricci: 19, abstract: 3...",C:\Users\Shaurya\Desktop\Metrics Generation Project\Dataset\Research Papers\AIML-76.pdf_repetitive_words_full_list.txt,34.97,0.06
AIML-77.pdf,32.81,47.28,14.324473975636767,1161,"agent-based: 7, systems: 57, technology: 5, recent: 2, years: 3, because: 25, promise: 2, paradigm: 2, designing: 6, software: 11...",C:\Users\Shaurya\Desktop\Metrics Generation Project\Dataset\Research Papers\AIML-77.pdf_repetitive_words_full_list.txt,35.78,0.11
AIML-78.pdf,97.78,37.4,17.307894736842105,1057,"resilience: 19, reliability: 22, coordination: 32, autonomous: 57, multi-agent: 54, systems: 95, cardoso: 18, logan: 44, meneguzzi: 53, oren: 38...",C:\Users\Shaurya\Desktop\Metrics Generation Project\Dataset\Research Papers\AIML-78.pdf_repetitive_words_full_list.txt,2.04,0.09
AIML-79.pdf,18.34,36.18,10.59006734006734,955,"m¨alardalen: 3, university: 3, design: 3, engineering: 3, v¨aster˚as: 3, sweden: 3, science: 3, computer: 3, explainable: 21, multi-agent: 85...",C:\Users\Shaurya\Desktop\Metrics Generation Project\Dataset\Research Papers\AIML-79.pdf_repetitive_words_full_list.txt,35.45,0.12
AIML-8.pdf,97.42,36.69,19.73109243697479,224,"technology: 7, india: 2, automatic: 16, irrigation: 45, crop: 26, monitoring: 14, system: 44, using: 17, deep: 19, learning: 19...",C:\Users\Shaurya\Desktop\Metrics Generation Project\Dataset\Research Papers\AIML-8.pdf_repetitive_words_full_list.txt,2.71,0.29
AIML-80.pdf,5.21,29.14,16.891156462585034,252,"unesco: 6, eolss: 12, sample: 6, chapters: 6, knowledge: 10, management: 6, organizational: 11, intelligence: 27, learning: 8, complexity: 6...",C:\Users\Shaurya\Desktop\Metrics Generation Project\Dataset\Research Papers\AIML-80.pdf_repetitive_words_full_list.txt,2.96,0.21
AIML-9.pdf,97.56,42.41,20.681818181818183,298,"computational: 2, technology: 4, number: 2, research: 10, india: 4, comparison: 5, machine: 19, learning: 19, algorithms: 11, detection: 15...",C:\Users\Shaurya\Desktop\Metrics Generation Project\Dataset\Research Papers\AIML-9.pdf_repetitive_words_full_list.txt,3.15,0.29
BITC-1.pdf,71.43,46.98,19.29787234042553,710,"cryptocurrencies: 97, empirical: 27, view: 3, from: 81, perspective: 6, working: 3, papers: 4, taxation: 27, structural: 2, reforms: 2...",C:\Users\Shaurya\Desktop\Metrics Generation Project\Dataset\Research Papers\BITC-1.pdf_repetitive_words_full_list.txt,2.39,0.25
BITC-10.pdf,87.99,48.4,13.583860759493671,732,"quantitative: 5, analysis: 19, arbitrary: 23, blockchain: 114, content: 141, bitcoin: 94, distributed: 8, systems: 12, university: 2, germany: 2...",C:\Users\Shaurya\Desktop\Metrics Generation Project\Dataset\Research Papers\BITC-10.pdf_repetitive_words_full_list.txt,35.62,0.2
BITC-11.pdf,6.18,60.95,22.06832298136646,337,"peer-to-peer: 6, electronic: 6, cash: 2, system: 10, version: 2, would: 10, allow: 2, payments: 7, sent: 2, directly: 3...",C:\Users\Shaurya\Desktop\Metrics Generation Project\Dataset\Research Papers\BITC-11.pdf_repetitive_words_full_list.txt,2.8,0.02
BITC-12.pdf,67.57,56.96,15.476394849785407,793,"hype: 45, factor: 34, global: 35, market: 154, case: 35, bitcoin: 188, left: 4, nepp: 16, karpeko: 2, short: 3...",C:\Users\Shaurya\Desktop\Metrics Generation Project\Dataset\Research Papers\BITC-12.pdf_repetitive_words_full_list.txt,1.96,0.13
BITC-13.pdf,84.05,60.65,19.44612068965517,692,"13-th: 10, ieee: 12, international: 10, conference: 13, peer-to-peer: 13, computing: 12, information: 27, propagation: 33, bitcoin: 55, network: 96...",C:\Users\Shaurya\Desktop\Metrics Generation Project\Dataset\Research Papers\BITC-13.pdf_repetitive_words_full_list.txt,2.28,0.36
BITC-14.pdf,25.29,46.98,17.172461752433936,1091,"perceived: 96, benefit: 46, risk: 100, multidimensional: 26, determinants: 28, bitcoin: 239, thirty: 22, seventh: 20, international: 37, conference: 34...",C:\Users\Shaurya\Desktop\Metrics Generation Project\Dataset\Research Papers\BITC-14.pdf_repetitive_words_full_list.txt,2.36,0.19
BITC-15.pdf,22.35,67.04,18.845886442641948,1036,"bitcoin: 62, boom: 3, depth: 3, analysis: 9, price: 109, bitcoins: 141, major: 5, research: 10, paper: 19, volatility: 24...",C:\Users\Shaurya\Desktop\Metrics Generation Project\Dataset\Research Papers\BITC-15.pdf_repetitive_words_full_list.txt,1.81,0.28
BITC-16.pdf,36.72,47.59,15.165065502183406,1473,"price: 22, fluctuations: 5, bitcoin: 297, empirical: 17, inquiry: 3, polasik: 5, nicolaus: 3, copernicus: 3, university: 10, toruń: 2...",C:\Users\Shaurya\Desktop\Metrics Generation Project\Dataset\Research Papers\BITC-16.pdf_repetitive_words_full_list.txt,2.22,0.24
BITC-17.pdf,7.07,53.21,18.662886597938144,1233,"nber: 7, working: 12, paper: 20, series: 4, blockchain: 85, analysis: 26, bitcoin: 234, market: 33, igor: 4, makarov: 9...",C:\Users\Shaurya\Desktop\Metrics Generation Project\Dataset\Research Papers\BITC-17.pdf_repetitive_words_full_list.txt,2.0,0.23
BITC-18.pdf,52.11,56.25,13.525722339675829,2679,"bitcoin: 434, beyond: 8, technical: 30, survey: 9, decentralized: 24, digital: 37, currencies: 21, tschorsch: 2, scheuermann: 2, university: 4...",C:\Users\Shaurya\Desktop\Metrics Generation Project\Dataset\Research Papers\BITC-18.pdf_repetitive_words_full_list.txt,35.26,0.31
BITC-19.pdf,98.17,49.45,21.630365150544524,2026,"survey: 17, security: 162, privacy: 99, issues: 20, bitcoin: 500, mauro: 2, conti: 4, senior: 2, member: 6, ieee: 31...",C:\Users\Shaurya\Desktop\Metrics Generation Project\Dataset\Research Papers\BITC-19.pdf_repetitive_words_full_list.txt,1.67,0.36
BITC-2.pdf,48.02,44.14,14.614119259766964,1718,"trozze: 35, crime: 59, science: 80, 2022: 35, 11:1: 35, https: 109, systematic: 15, review: 84, cryptocurrencies: 43, future: 40...",C:\Users\Shaurya\Desktop\Metrics Generation Project\Dataset\Research Papers\BITC-2.pdf_repetitive_words_full_list.txt,35.46,0.2
BITC-20.pdf,91.81,44.85,16.404646660212972,1455,"research: 27, perspectives: 2, challenges: 6, bitcoin: 243, cryptocurrencies: 6, joseph: 4, jeremy: 2, arvind: 2, joshua: 2, university: 3...",C:\Users\Shaurya\Desktop\Metrics Generation Project\Dataset\Research Papers\BITC-20.pdf_repetitive_words_full_list.txt,2.41,0.19
BITC-3.pdf,91.99,44.75,16.392996108949415,1453,"research: 27, perspectives: 2, challenges: 6, bitcoin: 243, cryptocurrencies: 6, joseph: 2, jeremy: 2, arvind: 2, joshua: 2, university: 3...",C:\Users\Shaurya\Desktop\Metrics Generation Project\Dataset\Research Papers\BITC-3.pdf_repetitive_words_full_list.txt,2.42,0.19
BITC-4.pdf,88.93,75.1,34.74212598425197,1502,"nber: 6, working: 28, paper: 35, series: 22, risks: 3, returns: 174, cryptocurrency: 68, yukun: 4, aleh: 4, tsyvinski: 4...",C:\Users\Shaurya\Desktop\Metrics Generation Project\Dataset\Research Papers\BITC-4.pdf_repetitive_words_full_list.txt,1.8,0.06
BITC-5.pdf,3.82,43.43,16.576779026217228,455,"cryptocurrencies: 43, advantages: 8, disadvantages: 8, student: 2, university: 3, goce: 3, delcev: 3, stip: 3, faculty: 3, economics: 3...",C:\Users\Shaurya\Desktop\Metrics Generation Project\Dataset\Research Papers\BITC-5.pdf_repetitive_words_full_list.txt,2.96,0.43
BITC-6.pdf,97.19,52.9,24.579104477611942,985,"coexistence: 10, cryptocurrency: 373, fiat: 11, money: 285, august: 3, 2022: 2, this: 56, paper: 26, uses: 3, search-theoretic: 5...",C:\Users\Shaurya\Desktop\Metrics Generation Project\Dataset\Research Papers\BITC-6.pdf_repetitive_words_full_list.txt,1.02,0.13
BITC-7.pdf,84.18,36.28,13.873003802281369,1477,"cryptocurrencies: 121, financial: 29, asset: 34, systematic: 17, analysis: 43, article: 3, accepted: 95, version: 4, creative: 2, works: 2...",C:\Users\Shaurya\Desktop\Metrics Generation Project\Dataset\Research Papers\BITC-7.pdf_repetitive_words_full_list.txt,35.64,0.22
BITC-8.pdf,5.49,50.67,24.412213740458014,317,"2013: 15, finance: 3, association: 2, bitcoin: 111, real: 2, currency: 32, business: 3, appreciation: 2, trading: 11, behavior: 3...",C:\Users\Shaurya\Desktop\Metrics Generation Project\Dataset\Research Papers\BITC-8.pdf_repetitive_words_full_list.txt,2.91,0.33
BITC-9.pdf,97.33,51.28,22.29113924050633,183,"comtech-2021: 5, fusion: 5, cutting: 5, edge: 5, technologies-advancement: 5, challenges: 5, issn: 5, 2349-6002: 5, 155374: 5, march: 5...",C:\Users\Shaurya\Desktop\Metrics Generation Project\Dataset\Research Papers\BITC-9.pdf_repetitive_words_full_list.txt,3.08,0.55
CS -1.pdf,13.9,52.15,8.363321799307958,254,"issn: 4, online: 5, 2455-3662: 4, epra: 8, international: 9, journal: 17, multidisciplinary: 4, research: 4, ijmr: 8, peer: 4...",C:\Users\Shaurya\Desktop\Metrics Generation Project\Dataset\Research Papers\CS -1.pdf_repetitive_words_full_list.txt,36.2,0.47
CS -10.pdf,4.55,38.92,16.492537313432837,306,"international: 13, journal: 15, research: 13, innovation: 8, applied: 9, science: 12, ijrias: 8, |volume: 8, issue: 10, 2021|issn: 8...",C:\Users\Shaurya\Desktop\Metrics Generation Project\Dataset\Research Papers\CS -10.pdf_repetitive_words_full_list.txt,2.7,0.48
CS -11.pdf,11.04,34.66,16.79310344827586,547,"development: 63, methodologies: 50, software: 63, projects: 38, twenty-second: 10, americas: 10, conference: 10, information: 27, systems: 32, diego: 10...",C:\Users\Shaurya\Desktop\Metrics Generation Project\Dataset\Research Papers\CS -11.pdf_repetitive_words_full_list.txt,2.53,0.49
CS -12.pdf,96.18,34.46,18.614928909952607,1098,"software: 361, development: 242, methodologies: 52, practices: 107, startups: 226, systematic: 36, literature: 26, review: 84, university: 8, oulu: 2...",C:\Users\Shaurya\Desktop\Metrics Generation Project\Dataset\Research Papers\CS -12.pdf_repetitive_words_full_list.txt,1.86,0.21
CS -13.pdf,30.92,25.39,19.804587155963304,1406,"secure: 188, software: 297, development: 177, methodologies: 102, multivocal: 6, literature: 47, review: 54, kudriavtseva: 2, gadyatskaya: 2, recent: 2...",C:\Users\Shaurya\Desktop\Metrics Generation Project\Dataset\Research Papers\CS -13.pdf_repetitive_words_full_list.txt,1.75,0.27
CS -14.pdf,22.07,43.53,19.68103448275862,526,"software: 74, development: 83, methods: 26, usability: 167, perspectives: 3, from: 21, survey: 25, industry: 7, norway: 6, this: 58...",C:\Users\Shaurya\Desktop\Metrics Generation Project\Dataset\Research Papers\CS -14.pdf_repetitive_words_full_list.txt,2.12,0.32
CS -15.pdf,5.26,41.7,21.560698689956332,1440,"software: 210, development: 209, methodologies: 126, affect: 23, dynamic: 131, capabilities: 94, under: 16, extreme: 96, contexts: 45, covid-19: 68...",C:\Users\Shaurya\Desktop\Metrics Generation Project\Dataset\Research Papers\CS -15.pdf_repetitive_words_full_list.txt,1.69,0.54
CS -16.pdf,12.02,34.15,18.748768472906406,640,"database: 13, systems: 22, journal: 11, 3/2014: 10, comparative: 12, study: 12, software: 144, development: 178, methodologies: 40, mihai: 2...",C:\Users\Shaurya\Desktop\Metrics Generation Project\Dataset\Research Papers\CS -16.pdf_repetitive_words_full_list.txt,2.49,0.05
CS -17.pdf,52.27,18.89,29.666666666666668,1643,"research: 17, paper: 17, david: 2, livingstone: 6, patricia: 2, lewis: 2, international: 116, security: 96, department: 5, september: 4...",C:\Users\Shaurya\Desktop\Metrics Generation Project\Dataset\Research Papers\CS -17.pdf_repetitive_words_full_list.txt,2.38,0.28
CS -18.pdf,98.37,24.98,16.2,373,"cybersecurity: 63, measures: 37, digital: 68, payment: 26, ecosystem: 13, olifirov: 6, makoveichuk: 7, vernadsky: 2, federal: 5, university: 3...",C:\Users\Shaurya\Desktop\Metrics Generation Project\Dataset\Research Papers\CS -18.pdf_repetitive_words_full_list.txt,2.6,0.08
CS -2.pdf,5.89,43.53,19.488372093023255,92,"paper: 3, this: 3, that: 12, hybrid: 5, methods: 5, should: 2, used: 2, over: 2, other: 3, almost: 2...",C:\Users\Shaurya\Desktop\Metrics Generation Project\Dataset\Research Papers\CS -2.pdf_repetitive_words_full_list.txt,3.28,0.32
CS -3.pdf,15.25,33.95,20.842105263157894,355,"cumhuriyet: 3, 2015: 2, issn: 2, 1300-1949: 2, university: 4, faculty: 2, science: 5, special: 2, issue: 2, address: 4...",C:\Users\Shaurya\Desktop\Metrics Generation Project\Dataset\Research Papers\CS -3.pdf_repetitive_words_full_list.txt,2.78,0.33
CS -4.pdf,98.22,39.03,16.244897959183675,470,"vol-6: 10, issue-4: 10, 2020: 10, ijariie-issn: 10, -2395-4396: 10, 12553: 10, www.ijariie.com: 10, review: 4, software: 107, development: 155...",C:\Users\Shaurya\Desktop\Metrics Generation Project\Dataset\Research Papers\CS -4.pdf_repetitive_words_full_list.txt,2.43,0.12
CS -5.pdf,75.11,55.13,20.273743016759777,339,"evaluating: 3, software: 48, development: 44, methodologies: 22, capers: 11, jones: 11, associates: 3, 2011: 2, this: 24, written: 2...",C:\Users\Shaurya\Desktop\Metrics Generation Project\Dataset\Research Papers\CS -5.pdf_repetitive_words_full_list.txt,2.67,0.45
CS -6.pdf,37.82,37.81,10.526802218114602,491,"journal: 27, volume: 18, issue: 11, pages: 9, 817-825: 9, issn: 9, 2217-8309: 9, 10.18421/tem64-22: 10, november: 11, 2017.: 7...",C:\Users\Shaurya\Desktop\Metrics Generation Project\Dataset\Research Papers\CS -6.pdf_repetitive_words_full_list.txt,35.49,0.17
CS -7.pdf,96.85,41.19,18.19154929577465,549,"international: 26, journal: 24, academic: 22, research: 25, business: 22, social: 18, sciences: 20, december: 18, 2019: 51, e-issn: 16...",C:\Users\Shaurya\Desktop\Metrics Generation Project\Dataset\Research Papers\CS -7.pdf_repetitive_words_full_list.txt,2.43,0.37
CS -8.pdf,78.16,33.85,19.88535031847134,283,"impact: 5, different: 7, methodologies: 5, software: 56, development: 44, process: 18, preeti: 6, university: 2, major: 4, engineering: 14...",C:\Users\Shaurya\Desktop\Metrics Generation Project\Dataset\Research Papers\CS -8.pdf_repetitive_words_full_list.txt,2.56,0.65
CS -9.pdf,98.75,49.72,14.504159733777039,719,"international: 11, journal: 6, computing: 7, systems: 8, no.5: 8, sep-2019: 8, soobiasaeed1: 2, gmail.com: 2, http: 20, //journals.uob.edu.bh: 16...",C:\Users\Shaurya\Desktop\Metrics Generation Project\Dataset\Research Papers\CS -9.pdf_repetitive_words_full_list.txt,35.65,0.18
EE -1.pdf,77.15,33.34,19.490421455938698,490,"ijacsa: 6, international: 17, journal: 10, advanced: 7, computer: 14, science: 10, applications: 35, 2019: 7, www.ijacsa.thesai.org: 6, internet: 46...",C:\Users\Shaurya\Desktop\Metrics Generation Project\Dataset\Research Papers\EE -1.pdf_repetitive_words_full_list.txt,2.63,1.02
EE -10.pdf,60.43,45.96,7.655555555555556,904,"smart: 87, energy: 453, systems: 117, coherent: 11, renewable: 139, transport: 79, solutions: 15, b.v.: 17, mathiesen: 53, lund: 45...",C:\Users\Shaurya\Desktop\Metrics Generation Project\Dataset\Research Papers\EE -10.pdf_repetitive_words_full_list.txt,35.02,0.29
EE -11.pdf,96.5,46.57,13.848167539267015,985,"lists: 2, available: 44, applied: 18, energy: 85, network-based: 2, internet: 24, things: 23, demand: 54, response: 42, smart: 95...",C:\Users\Shaurya\Desktop\Metrics Generation Project\Dataset\Research Papers\EE -11.pdf_repetitive_words_full_list.txt,35.26,0.46
EE -2.pdf,57.41,45.05,20.057142857142857,471,"journal: 3, computer: 7, communications: 6, 2015: 4, published: 2, online: 2, http: 17, //dx.doi.org/10.4236/jcc.2015.35021: 2, this: 17, paper: 4...",C:\Users\Shaurya\Desktop\Metrics Generation Project\Dataset\Research Papers\EE -2.pdf_repetitive_words_full_list.txt,2.58,1.32
EE -3.pdf,15.84,34.66,20.236472945891784,848,"international: 9, journal: 4, computer: 19, information: 37, systems: 35, industrial: 2, management: 23, applications: 42, issn: 2, volume: 9...",C:\Users\Shaurya\Desktop\Metrics Generation Project\Dataset\Research Papers\EE -3.pdf_repetitive_words_full_list.txt,2.29,0.94
EE -4.pdf,40.25,41.8,18.538755980861243,1534,"survey: 15, paper: 2, internet: 29, things: 23, vision: 15, applications: 70, research: 57, challenges: 23, daniele: 2, miorandi: 26...",C:\Users\Shaurya\Desktop\Metrics Generation Project\Dataset\Research Papers\EE -4.pdf_repetitive_words_full_list.txt,2.17,0.42
EE -5.pdf,30.05,54.22,17.151162790697676,364,"advanced: 9, networking: 6, applications: 16, volume: 11, issue: 14, pages: 11, 3663-3668: 6, 2018: 8, issn: 8, 0975-0290: 6...",C:\Users\Shaurya\Desktop\Metrics Generation Project\Dataset\Research Papers\EE -5.pdf_repetitive_words_full_list.txt,2.17,0.73
EE -6.pdf,53.25,46.47,12.81998199819982,2508,"received: 19, 2022: 113, july: 6, date: 3, publication: 4, current: 16, version: 4, history: 48, future: 90, renewable: 271...",C:\Users\Shaurya\Desktop\Metrics Generation Project\Dataset\Research Papers\EE -6.pdf_repetitive_words_full_list.txt,34.77,0.18
EE -7.pdf,41.11,44.85,16.723364485981307,1305,"institute: 4, study: 15, labor: 5, review: 18, renewable: 125, energy: 443, supply: 46, efficiency: 43, technologies: 81, 8145: 3...",C:\Users\Shaurya\Desktop\Metrics Generation Project\Dataset\Research Papers\EE -7.pdf_repetitive_words_full_list.txt,2.01,0.1
EE -8.pdf,20.68,36.59,16.833333333333332,324,"renewable: 82, energy: 122, bibliometric: 5, analysis: 20, khomenko: 2, chygryn: 3, marketing: 6, scientific: 20, institute: 7, business: 11...",C:\Users\Shaurya\Desktop\Metrics Generation Project\Dataset\Research Papers\EE -8.pdf_repetitive_words_full_list.txt,2.17,0.14
EE -9.pdf,8.01,35.47,17.891304347826086,677,"page: 14, civil: 2, environmental: 27, engineering: 24, review: 11, article: 10, renewable: 102, energy: 262, sources: 67, sustainability: 14...",C:\Users\Shaurya\Desktop\Metrics Generation Project\Dataset\Research Papers\EE -9.pdf_repetitive_words_full_list.txt,2.46,0.03
